|2022-07-06 18:22:07.105237| | |
|2022-07-06 18:32:07.076304| | |
|2022-07-06 18:36:27.532138| | |
|2022-07-06 18:55:31.994444| | |
|2022-07-06 19:00:52.859021| | |
|2022-07-06 19:06:14.167927| | |
|2022-07-06 19:06:43.853536| | |
|2022-07-08 11:44:56.044846| | |
|2022-07-08 11:45:19.531375| | |
|2022-07-08 11:46:34.383495| | |
|2022-07-08 11:47:37.844896| | |
|2022-07-08 11:49:07.058575| | |
|2022-07-08 11:53:45.992080| | |
|2022-07-08 11:54:15.726965| | |
|2022-07-08 11:54:56.619304| | |
|2022-07-08 11:56:19.806968| | |
|2022-07-08 11:56:49.282877| | |
|2022-07-08 11:57:52.405419| | |
|2022-07-08 11:58:15.516202| | |
|2022-07-08 12:01:31.728339| | |
|2022-07-08 12:13:14.098807| | |
|2022-07-08 12:13:33.041143| | |
|2022-07-08 12:13:51.423813| | |
|2022-07-08 12:14:56.308260| | |
|2022-07-08 12:16:51.827928| | |
|2022-07-08 14:22:47.286243| | |
|2022-07-08 14:26:59.410261| | |
|2022-07-08 14:27:36.890701| | |
|2022-07-08 17:22:01.490233| | |
|2022-07-08 17:22:55.211854| | |
|2022-07-08 17:25:12.933089| | |
|2022-07-08 17:26:58.824049| | |
|2022-07-08 17:27:27.952752| | |
|2022-07-08 17:28:08.496674| | |
|2022-07-08 17:32:37.311477| | |
|2022-07-08 17:34:48.284338| | |
|2022-07-08 17:36:43.407608| | |
|2022-07-08 17:39:32.888546| | |
|2022-07-08 17:40:00.306454| | |
|2022-07-10 21:20:28.741678| | |
|2022-07-10 21:21:51.493616| | |
|2022-07-10 21:22:09.643155| | |
|2022-07-10 21:25:51.880041| | |
|2022-07-10 21:26:37.757504| | |
|2022-07-10 21:26:58.469394| | |
|2022-07-10 21:28:57.674940| | |
|2022-07-11 12:40:54.718818| | |
|2022-07-12 10:48:14.714146| | |
|2022-07-12 10:49:44.533148| | |
|2022-07-12 10:52:33.826887| | |
|2022-07-12 10:53:56.474487| | |
|2022-07-12 10:54:29.467989| | |
|2022-07-12 10:54:48.749798| | |
|2022-07-12 10:55:44.332754| | |
|2022-07-12 12:04:42.397601| | |
|2022-07-12 12:05:50.317451| | |
|2022-07-12 12:36:47.484192| | |
|2022-07-12 13:13:55.060756| | |
|2022-07-12 14:13:09.283313| | |
|2022-07-12 15:10:51.912735| | |
|2022-07-12 15:11:05.379969| | |
|2022-07-12 15:11:35.281647| | |
|2022-07-12 15:12:52.655984| | |
|2022-07-12 15:13:17.819359| | |
|2022-07-12 15:13:50.823888| | |
|2022-07-12 15:14:10.485581| | |
|2022-07-12 15:14:22.544538| | |
|2022-07-12 15:15:23.204284| | |
|2022-07-12 15:15:41.422669| | |
|2022-07-12 15:16:49.171269| | |
|2022-07-12 15:32:51.229854| | |
|2022-07-12 15:33:33.703434| | |
|2022-07-12 15:35:09.581514| | |
|2022-07-12 15:36:31.897777| | |
|2022-07-12 15:37:03.300647| | |
|2022-07-12 15:47:36.337824| | |
|2022-07-12 15:48:45.429119| | |
|2022-07-12 15:49:25.228991| | |
|2022-07-12 15:51:08.599693| | |
|2022-07-12 15:51:49.193549| | |
|2022-07-12 15:52:52.455026| | |
|2022-07-12 15:53:12.506892| | |
|2022-07-12 15:54:33.535987| | |
|2022-07-12 15:59:09.169227| | |
|2022-07-12 15:59:36.588412| | |
|2022-07-12 17:15:07.216147| | |
|2022-07-12 17:16:04.944216| | |
|2022-07-12 17:29:06.531901| | |
|2022-07-12 17:30:00.828933| | |
|2022-07-12 17:30:53.983349| | |
|2022-07-12 17:31:26.450825| | |
|2022-07-12 17:33:03.930425| | |
|2022-07-12 17:34:31.258751| | |
|2022-07-12 17:35:18.580692| | |
|2022-07-12 17:37:08.661304| | |
|2022-07-12 17:37:27.362985| | |
|2022-07-12 20:03:48.784637| | |
|2022-07-12 20:06:10.772418| | |
|2022-07-12 20:07:34.659187| | |
|2022-07-12 20:08:43.944635| | |
|2022-07-12 20:52:45.129399| | |
|2022-07-12 20:53:26.585676| | |
|2022-07-12 20:53:52.850410| | |
|2022-07-12 20:56:05.835198| | |
|2022-07-12 20:57:20.558459| | |
|2022-07-12 20:58:07.293533| | |
|2022-07-12 21:01:24.934023| | |
|2022-07-12 21:01:51.413319| | |
|2022-07-12 21:02:37.971702| | |
|2022-07-12 21:03:25.848471| | |
|2022-07-12 21:04:38.853732| | |
|2022-07-12 21:05:27.031835| | |
|2022-07-12 21:07:25.224035| | |
|2022-07-12 21:07:40.695962| | |
|2022-07-12 21:08:19.918363| | |
|2022-07-12 21:09:55.753939| | |
|2022-07-12 21:09:59.323891| | |
|2022-07-12 21:10:48.440900| | |
|2022-07-12 21:11:31.312847| | |
|2022-07-12 21:12:36.134907| | |
|2022-07-12 22:01:07.098339| | |
|2022-07-12 22:54:05.650761| | |
|2022-07-12 22:55:09.942758| | |
|2022-07-12 22:57:24.897757| | |
|2022-07-12 23:00:58.539848| | |
|2022-07-12 23:09:48.780995| | |
|2022-07-12 23:12:21.492140| | |
|2022-07-12 23:12:47.047851| | |
|2022-07-12 23:21:58.581489| | |
|2022-07-12 23:27:35.550816| | |
|2022-07-12 23:28:08.037061| | |
|2022-07-12 23:38:03.533422| | |
|2022-07-12 23:39:35.713427| | |
|2022-07-12 23:42:53.717733| | |
|2022-07-12 23:59:20.805105| | |
|2022-07-13 00:01:21.091844| | |
|2022-07-13 11:07:56.485144| | |
|2022-07-13 11:29:04.319428| | |
|2022-07-13 11:29:27.017743| | |
|2022-07-13 11:32:54.831181| | |
|2022-07-13 11:34:58.313152| | |
|2022-07-13 11:35:03.962341| | |
|2022-07-13 14:49:58.044227| | |
|2022-07-13 14:50:32.874811| | |
|2022-07-13 14:51:22.997165| | |
|2022-07-13 14:52:25.971484| | |
|2022-07-13 14:53:10.787136| | |
|2022-07-13 14:54:10.191712| | |
|2022-07-13 15:14:45.870733| | |
|2022-07-13 15:20:39.069714| | |
|2022-07-13 15:20:59.395709| | |
|2022-07-13 15:21:36.394860| | |
|2022-07-13 15:22:16.026036| | |
|2022-07-13 15:22:44.643031| | |
|2022-07-13 15:24:25.836784| | |
|2022-07-13 15:26:30.496075| | |
|2022-07-13 15:27:44.090928| | |
|2022-07-13 15:28:56.702142| | |
|2022-07-13 15:31:13.667979| | |
|2022-07-13 15:32:06.289420| | |
|2022-07-13 15:32:59.167556| | |
|2022-07-13 15:33:41.283402| | |
|2022-07-13 15:35:21.311049| | |
|2022-07-13 15:36:38.995206| | |
|2022-07-13 15:36:59.824777| | |
|2022-07-13 15:37:31.063727| | |
|2022-07-13 15:38:14.497290| | |
|2022-07-13 15:40:05.489832| | |
|2022-07-13 15:40:39.278272| | |
|2022-07-13 15:41:12.950653| | |
|2022-07-13 15:41:57.352430| | |
|2022-07-13 15:43:31.843062| | |
|2022-07-13 15:47:03.102285| | |
|2022-07-13 15:47:31.040464| | |
|2022-07-13 15:48:31.059961| | |
|2022-07-13 15:59:35.950892| | |
|2022-07-13 16:00:04.086563| | |
|2022-07-13 16:02:24.422978| | |
|2022-07-13 16:03:00.082663| | |
|2022-07-13 16:03:19.639436| | |
|2022-07-13 16:03:38.967629| | |
|2022-07-13 16:03:55.124623| | |
|2022-07-13 16:04:05.231766| | |
|2022-07-13 16:04:59.681344| | |
|2022-07-13 16:05:53.455886| | |
|2022-07-13 16:06:45.446749| | |
|2022-07-13 16:07:32.414925| | |
|2022-07-13 16:08:01.804904| | |
|2022-07-13 16:08:19.910047| | |
|2022-07-13 16:10:19.915159| | |
|2022-07-13 16:12:36.927339| | |
|2022-07-13 16:13:26.682303| | |
|2022-07-13 16:15:57.610591| | |
|2022-07-13 16:17:33.281519| | |
|2022-07-13 16:19:24.756406| | |
|2022-07-13 16:19:38.791018| | |
|2022-07-13 16:21:11.850088| | |
|2022-07-13 16:22:28.361435| | |
|2022-07-13 16:26:21.280831| | |
|2022-07-13 16:26:42.583871| | |
|2022-07-13 16:27:37.712661| | |
|2022-07-13 16:28:19.540983| | |
|2022-07-13 16:29:23.133278| | |
|2022-07-13 16:30:10.155654| | |
|2022-07-13 16:31:24.467545| | |
|2022-07-13 16:32:38.477267| | |
|2022-07-13 16:34:36.548780| | |
|2022-07-13 16:35:00.318756| | |
|2022-07-13 16:35:20.322346| | |
|2022-07-13 16:36:11.414881| | |
|2022-07-13 16:36:49.795479| | |
|2022-07-13 16:37:11.166467| | |
|2022-07-13 16:37:39.323603| | |
|2022-07-13 16:39:31.046665| | |
|2022-07-13 16:44:47.978632| | |
|2022-07-13 16:48:23.842026| | |
|2022-07-13 16:54:42.084388| | |
|2022-07-13 16:56:08.288273| | |
|2022-07-13 16:57:29.661212| | |
|2022-07-13 17:00:43.457630| | |
|2022-07-13 17:01:31.674744| | |
|2022-07-13 17:02:01.499985| | |
|2022-07-13 17:03:22.326235| | |
|2022-07-13 18:36:23.586679| | |
|2022-07-13 18:37:24.263797| | |
|2022-07-13 18:37:52.234455| | |
|2022-07-13 18:38:17.354971| | |
|2022-07-13 18:38:51.893198| | |
|2022-07-13 18:39:20.684810| | |
|2022-07-13 18:40:09.642254| | |
|2022-07-13 18:40:27.783976| | |
|2022-07-13 18:41:14.191938| | |
|2022-07-13 18:41:44.594276| | |
|2022-07-13 18:42:49.473332| | |
|2022-07-13 18:44:02.004059| | |
|2022-07-13 18:46:14.661597| | |
|2022-07-13 18:47:34.953724| | |
|2022-07-13 18:50:10.800753| | |
|2022-07-13 18:51:30.209580| | |
|2022-07-13 18:53:23.486810| | |
|2022-07-13 18:59:45.082523| | |
|2022-07-13 19:03:47.686192| | |
|2022-07-13 19:20:51.589601| | |
|2022-07-13 19:23:38.521787| | |
|2022-07-13 19:24:17.298447| | |
|2022-07-13 19:24:52.111397| | |
|2022-07-13 19:33:18.965470| | |
|2022-07-13 19:33:18.965470| | |
menn|0|0|27348|IK Tjalve
menn|0|1|24759|Sandnes IL
menn|0|2|24031|IL Gneist
menn|0|3|23071|IL Tyrving
menn|0|4|22595|Ullensaker/Kisa IL
menn|0|5|21921|Norna-Salhus IL
menn|0|6|21615|IL i BUL
menn|0|7|21429|Idrettslaget Skjalg
menn|0|8|20833|Tønsberg Friidrettsklubb
menn|0|9|19985|Steinkjer Friidrettsklubb
menn|0|10|19592|Ask Friidrett
menn|0|11|18777|IL Gular
menn|0|12|16474|Stord IL
menn|1|0|19673|Fana IL
menn|1|1|17867|Ranheim IL
menn|1|2|17409|Sportsklubben Vidar
menn|1|3|15924|IF Sturla
menn|1|4|15677|Osterøy IL
menn|1|5|14460|IL Sandvin
menn|1|6|13917|IK Hind
menn|1|7|13904|Moss IL
menn|1|8|13576|Lillehammer IF
menn|1|9|13493|IK Tjalve2. lag
menn|1|10|12380|Bækkelagets SK
menn|1|11|11417|Dimna IL
menn|1|12|8929|Nittedal IL
menn|1|13|7531|IL Fri
menn|2|0|14925|Kristiansands IF Friidrett
menn|2|1|13008|Haugesund IL
menn|2|2|12902|Fyllingen IL
menn|2|3|12881|Moelven IL
menn|2|4|12565|Asker Sk. Friidrett
menn|2|5|12355|BUL-Tromsø Friidrett
menn|2|6|12224|FIK Orion
menn|2|7|12021|Søndre Land IL
menn|2|8|11624|Fana IL2. lag
menn|2|9|11209|IL Gneist2. lag
menn|2|10|11168|Strindheim IL
menn|2|11|11164|Snøgg Friidrett
menn|2|12|11126|IL Gular2. lag
menn|2|13|11084|Sørild FIK
menn|2|14|10815|Hattfjelldal IL
menn|2|15|10812|Groruddalen Friidrettsklubb
menn|2|16|10749|Hamar IL
menn|2|17|10688|Fredrikstad IF
menn|2|18|10680|Sømna IL
menn|2|19|10614|Sandnes IL2. lag
menn|2|20|10518|Stadsbygd IL
menn|2|21|10392|Ski IL Friidrett
menn|2|22|10251|IL Tyrving2. lag
menn|2|23|9961|Jotun IL
menn|2|24|9830|Laksevåg TIL
menn|2|25|9685|Lørenskog Friidrettslag
menn|2|26|9630|Larvik Turn & IF
menn|2|27|9383|IL i BUL2. lag
menn|2|28|9149|Norna-Salhus IL2. lag
menn|2|29|9005|Ullensaker/Kisa IL2. lag
menn|2|30|8911|Urædd Friidrett
menn|2|31|8909|Modum FIK
menn|2|32|8815|Spirit Friidrettsklubb
menn|2|33|8749|Sportsklubben Vidar2. lag
menn|2|34|8740|Stjørdal Friidrettsklubb
menn|2|35|8705|IL Koll
menn|2|36|8522|Ranheim IL2. lag
menn|2|37|8518|Rjukan Idrettslag
menn|2|38|8430|Overhalla IL
menn|2|39|8395|Byåsen IL
menn|2|40|8382|IL Gular3. lag
menn|2|41|8161|Ørsta IL
menn|2|42|8133|Bremnes IL
menn|2|43|8100|Brandbu IF
menn|2|44|8018|IL i BUL3. lag
menn|2|45|7907|IK Grane
menn|2|46|7902|Trondheim Friidrett
menn|2|47|7836|Varegg IL
menn|2|48|7835|Idrettslaget Skjalg2. lag
menn|2|49|7822|Ås IL
menn|2|50|7703|Ullensaker/Kisa IL3. lag
menn|2|51|7679|Ringerike Friidrettsklubb
menn|2|52|7578|Sortland Friidrettsklubb
menn|2|53|7565|Gausdal FIK
menn|2|54|7312|Fyllingen IL2. lag
menn|2|55|7280|Seljord IL
menn|2|56|7259|GTI
menn|2|57|7225|Sarpsborg IL
menn|2|58|7051|Mjøsdalen IL
menn|2|59|7045|Rindal IL
menn|2|60|7006|Gui Sportsklubb
menn|2|61|6922|IL Molde-Olymp
menn|2|62|6896|Raufoss Idrettslag Friidrett
menn|2|63|6861|Kristiansands IF Friidrett2. lag
menn|2|64|6858|Os Turnforening
menn|2|65|6810|Førde IL Friidrett
menn|2|66|6802|Sportsklubben Vidar3. lag
menn|2|67|6775|IL Gneist3. lag
menn|2|68|6657|Bøler IF
menn|2|69|6651|Jølster IL
menn|2|70|6609|FIL Aks-77
menn|2|71|6595|Bodø Friidrettsklubb
menn|2|72|6510|Asker Sk. Friidrett2. lag
menn|2|73|6477|Skarphedin IL
menn|2|74|6430|Haugesund IL2. lag
menn|2|75|6354|Egersunds IK
menn|2|76|6328|Osterøy IL2. lag
menn|2|77|6259|Ålesund Friidrettsklubb
menn|2|78|6248|Gloppen Friidrettslag
menn|2|79|6234|Kristiansand Løpeklubb
menn|2|80|6206|Fana IL3. lag
menn|2|81|6205|IL i BUL4. lag
menn|2|82|6183|Ullensaker/Kisa IL4. lag
menn|2|83|6172|FIK Ren-Eng
menn|2|84|6147|Lambertseter IF
menn|2|85|6110|Ask Friidrett2. lag
menn|2|86|6088|IL Runar
menn|2|87|6069|Aremark IF
menn|2|88|5968|IL Tyrving3. lag
menn|2|89|5942|Sandnes IL3. lag
menn|2|90|5932|Svorkmo N.O.I.
menn|2|91|5930|Sandefjord Turn & IF
menn|2|92|5778|Oslostudentenes IK Friidrett
menn|2|93|5759|Sem IF
menn|2|94|5735|Salangen Friidrett
menn|2|95|5717|Kongsberg IF
menn|2|96|5717|Bratsberg IL
menn|2|97|5521|Herkules Friidrett
menn|2|98|5519|BUL-Tromsø Friidrett2. lag
menn|2|99|5478|Ullensaker/Kisa IL5. lag
menn|2|100|5393|IF Hellas
menn|2|101|5356|Bergens Turnforening
menn|2|102|5351|IL Norodd
menn|2|103|5245|Namsen Friidrettsforening
menn|2|104|5230|Halden IL
menn|2|105|5184|Florø Turn og IF
menn|2|106|5102|Rana FIK
menn|2|107|5101|Steinkjer Friidrettsklubb2. lag
|2022-07-14 13:22:13.250173| | |
|2022-07-14 13:23:55.339490| | |
|2022-07-14 13:38:25.927965| | |
|2022-07-14 13:38:56.528718| | |
|2022-07-14 13:39:12.773367| | |
|2022-07-14 13:46:47.786181| | |
|2022-07-14 13:49:17.909670| | |
|2022-07-14 13:52:13.456088| | |
|2022-07-14 13:52:52.462551| | |
|2022-07-14 13:53:54.249903| | |
|2022-07-14 14:11:08.596677| | |
|2022-07-14 14:12:08.740282| | |
|2022-07-14 14:12:27.126116| | |
|2022-07-14 15:47:04.283303| | |
|2022-07-14 15:55:24.757814| | |
|2022-07-14 15:56:11.645800| | |
|2022-07-14 15:56:30.333467| | |
|2022-07-14 15:57:25.742970| | |
|2022-07-14 15:57:47.221824| | |
|2022-07-14 15:58:29.225104| | |
|2022-07-14 15:58:45.392920| | |
|2022-07-14 15:59:18.850421| | |
|2022-07-14 16:00:06.309081| | |
|2022-07-14 16:00:23.289271| | |
|2022-07-14 16:01:10.938089| | |
|2022-07-14 16:01:31.885908| | |
|2022-07-14 16:03:40.465353| | |
|2022-07-14 16:05:20.042068| | |
|2022-07-14 16:05:39.874779| | |
|2022-07-14 16:07:02.687885| | |
|2022-07-14 16:11:29.500423| | |
|2022-07-14 16:15:54.294657| | |
|2022-07-14 17:30:46.266196| | |
|2022-07-14 17:31:49.309224| | |
|2022-07-14 17:32:25.951257| | |
|2022-07-14 17:33:42.290750| | |
|2022-07-14 17:37:50.893070| | |
|2022-07-14 17:38:04.768145| | |
|2022-07-14 17:38:14.874783| | |
|2022-07-14 17:39:41.270868| | |
|2022-07-14 17:40:01.231316| | |
|2022-07-14 17:40:43.291068| | |
|2022-07-14 17:41:11.837775| | |
|2022-07-14 17:41:40.601687| | |
|2022-07-14 17:42:12.163665| | |
|2022-07-14 17:42:37.877127| | |
|2022-07-14 17:43:03.608672| | |
|2022-07-14 17:43:41.580706| | |
|2022-07-14 17:46:26.551583| | |
|2022-07-14 17:52:00.149287| | |
|2022-07-14 17:53:55.577287| | |
|2022-07-14 17:55:59.989176| | |
|2022-07-14 17:56:43.575414| | |
|2022-07-14 17:57:44.438403| | |
|2022-07-14 17:59:31.196963| | |
|2022-07-14 18:05:47.424854| | |
|2022-07-14 18:20:02.937637| | |
|2022-07-14 18:20:55.162239| | |
|2022-07-14 18:27:20.390365| | |
|2022-07-14 18:27:45.157636| | |
|2022-07-14 18:59:44.803159| | |
|2022-07-14 19:02:31.377509| | |
|2022-07-14 19:21:45.830380| | |
|2022-07-14 19:24:03.812087| | |
|2022-07-14 19:24:41.939295| | |
|2022-07-14 19:25:19.056133| | |
|2022-07-14 19:26:46.855879| | |
|2022-07-14 19:27:36.403050| | |
|2022-07-14 19:28:00.983676| | |
|2022-07-14 19:28:16.264318| | |
|2022-07-14 19:28:25.732197| | |
|2022-07-14 19:29:34.405797| | |
|2022-07-14 19:32:04.722013| | |
|2022-07-14 19:32:41.703601| | |
|2022-07-14 19:33:05.257483| | |
|2022-07-14 19:33:36.579457| | |
|2022-07-14 19:34:40.620597| | |
|2022-07-14 19:35:06.370581| | |
|2022-07-14 19:35:23.673832| | |
|2022-07-14 19:35:35.135517| | |
|2022-07-14 19:36:32.234781| | |
|2022-07-14 19:36:46.944152| | |
|2022-07-14 19:38:02.067311| | |
|2022-07-14 19:39:08.491936| | |
|2022-07-14 20:31:35.039577| | |
|2022-07-14 20:34:22.576335| | |
|2022-07-14 20:34:55.265371| | |
|2022-07-14 20:36:30.653464| | |
|2022-07-14 20:36:58.576561| | |
|2022-07-14 20:38:33.376521| | |
|2022-07-14 20:39:16.851647| | |
|2022-07-14 20:40:26.081644| | |
|2022-07-14 20:41:46.801675| | |
|2022-07-14 20:43:08.306335| | |
|2022-07-14 20:43:41.381819| | |
|2022-07-14 20:44:58.536916| | |
|2022-07-14 20:45:24.732398| | |
|2022-07-14 20:46:01.217288| | |
|2022-07-14 20:46:30.768274| | |
|2022-07-14 20:47:17.566425| | |
|2022-07-14 20:47:48.450543| | |
|2022-07-14 20:48:21.363757| | |
|2022-07-14 20:51:54.946376| | |
|2022-07-14 20:52:58.560260| | |
|2022-07-14 20:53:59.911046| | |
|2022-07-14 20:54:24.923729| | |
|2022-07-14 20:54:40.251258| | |
|2022-07-14 20:55:31.849224| | |
|2022-07-14 20:56:36.802376| | |
|2022-07-14 20:58:29.581821| | |
|2022-07-14 21:00:20.539598| | |
|2022-07-14 21:01:09.723025| | |
|2022-07-14 21:01:55.254070| | |
|2022-07-19 10:36:15.003699| | |
|2022-07-19 10:37:48.045631| | |
|2022-07-19 10:38:28.884648| | |
|2022-07-19 10:39:08.364765| | |
|2022-07-19 10:40:25.865066| | |
|2022-07-19 10:44:24.136113| | |
|2022-07-19 10:44:37.948351| | |
|2022-07-19 11:04:39.573111| | |
|2022-07-19 11:06:27.596849| | |
|2022-07-19 11:08:30.581735| | |
|2022-07-19 11:10:24.660035| | |
|2022-07-19 11:10:48.827510| | |
|2022-07-19 11:11:28.222164| | |
|2022-07-19 11:12:34.401475| | |
|2022-07-19 11:13:18.097732| | |
|2022-07-19 11:21:18.608021| | |
|2022-07-19 11:22:01.565914| | |
|2022-07-19 11:22:25.679090| | |
|2022-07-19 11:24:15.335750| | |
|2022-07-19 11:24:32.662157| | |
|2022-07-19 11:28:53.741193| | |
|2022-07-19 11:55:50.325767| | |
|2022-07-19 12:31:13.573828| | |
|2022-07-19 12:47:32.932651| | |
|2022-07-19 12:47:50.889298| | |
|2022-07-19 12:48:03.002962| | |
|2022-07-19 13:38:31.335182| | |
|2022-07-19 13:39:01.982240| | |
|2022-07-19 13:39:32.747253| | |
|2022-07-19 13:39:59.997917| | |
|2022-07-19 13:41:09.625280| | |
|2022-07-19 13:42:50.102537| | |
|2022-07-19 13:45:19.026881| | |
|2022-07-19 14:45:16.999323| | |
|2022-07-19 15:31:38.441415| | |
|2022-07-19 15:31:51.004480| | |
|2022-07-19 15:32:15.509612| | |
|2022-07-19 15:32:33.463002| | |
|2022-07-19 15:37:57.655088| | |
|2022-07-19 15:38:44.348191| | |
|2022-07-19 15:47:44.992682| | |
|2022-07-19 15:50:02.232269| | |
|2022-07-19 15:50:32.444820| | |
|2022-07-19 16:03:11.043872| | |
|2022-07-19 16:21:48.162498| | |
|2022-07-19 17:40:18.247836| | |
|2022-07-19 17:40:42.156738| | |
|2022-07-19 17:41:31.936199| | |
|2022-07-19 17:45:52.157571| | |
|2022-07-19 17:46:43.937915| | |
|2022-07-19 17:50:21.249979| | |
|2022-07-19 17:53:33.221958| | |
|2022-07-19 17:54:14.355912| | |
|2022-07-19 17:55:16.757527| | |
|2022-07-19 17:56:09.577710| | |
|2022-07-19 17:56:45.836609| | |
|2022-07-19 18:00:21.552230| | |
|2022-07-19 18:00:57.863551| | |
|2022-07-19 18:06:12.543711| | |
|2022-07-19 19:48:54.564714| | |
|2022-07-19 19:49:29.886088| | |
|2022-07-19 19:50:40.930322| | |
|2022-07-19 19:50:59.288881| | |
|2022-07-19 19:53:48.713143| | |
|2022-07-19 19:54:13.266701| | |
|2022-07-19 19:56:14.479321| | |
|2022-07-19 19:56:48.330583| | |
|2022-07-19 20:06:50.740239| | |
|2022-07-19 20:07:34.545963| | |
|2022-07-19 20:08:17.208832| | |
|2022-07-19 20:10:05.251283| | |
|2022-07-19 20:53:51.284227| | |
|2022-07-19 20:54:22.195653| | |
|2022-07-19 20:54:49.810452| | |
|2022-07-19 20:55:10.039164| | |
|2022-07-19 20:55:25.489301| | |
|2022-07-19 20:56:02.352650| | |
|2022-07-19 20:56:20.943946| | |
|2022-07-19 20:57:00.648557| | |
|2022-07-19 20:57:27.444578| | |
|2022-07-19 20:57:42.213981| | |
|2022-07-19 20:58:04.196227| | |
|2022-07-19 20:58:21.686281| | |
|2022-07-19 20:58:39.561370| | |
|2022-07-19 20:59:40.458472| | |
|2022-07-19 21:00:34.069484| | |
|2022-07-19 21:00:53.649201| | |
|2022-07-19 21:06:25.071110| | |
|2022-07-19 21:08:31.446120| | |
|2022-07-19 21:09:05.528185| | |
|2022-07-19 21:10:34.201080| | |
|2022-07-19 21:10:57.794271| | |
|2022-07-19 21:12:36.981001| | |
|2022-07-19 21:13:21.067343| | |
|2022-07-19 21:13:37.738992| | |
|2022-07-19 22:05:05.910850| | |
|2022-07-19 22:08:21.353979| | |
|2022-07-19 22:08:44.405368| | |
|2022-07-19 22:11:41.004350| | |
|2022-07-19 22:12:08.262704| | |
|2022-07-19 22:12:57.192481| | |
|2022-07-19 22:26:20.399288| | |
|2022-07-19 22:27:19.154320| | |
|2022-07-19 22:27:39.319394| | |
|2022-07-19 22:28:09.263902| | |
|2022-07-19 22:28:35.871999| | |
|2022-07-19 22:28:55.993457| | |
|2022-07-19 22:29:10.514133| | |
|2022-07-19 22:29:22.601681| | |
|2022-07-19 22:29:32.460038| | |
|2022-07-19 22:29:43.704531| | |
|2022-07-19 22:29:55.877783| | |
|2022-07-19 22:30:16.615291| | |
|2022-07-19 22:30:31.568189| | |
|2022-07-19 22:31:58.190080| | |
|2022-07-19 22:32:34.173533| | |
|2022-07-19 22:41:15.835461| | |
|2022-07-19 22:44:02.791382| | |
|2022-07-19 22:45:08.030731| | |
|2022-07-19 22:46:41.316930| | |
|2022-07-19 22:47:41.178078| | |
|2022-07-19 22:49:39.521868| | |
|2022-07-19 22:53:15.040621| | |
|2022-07-19 22:56:39.237392| | |
|2022-07-19 22:58:13.146774| | |
|2022-07-19 23:00:36.681324| | |
|2022-07-19 23:02:30.303596| | |
|2022-07-19 23:02:57.462714| | |
|2022-07-19 23:07:16.551945| | |
|2022-07-19 23:09:54.400325| | |
|2022-07-19 23:16:26.078192| | |
|2022-07-19 23:18:06.155753| | |
|2022-07-19 23:21:23.749394| | |
|2022-07-19 23:22:55.333342| | |
|2022-07-19 23:29:29.873530| | |
|2022-07-19 23:32:53.852732| | |
|2022-07-19 23:34:56.895294| | |
|2022-07-19 23:43:14.108960| | |
|2022-07-19 23:47:24.289522| | |
|2022-07-19 23:49:56.420971| | |
|2022-07-19 23:51:37.396960| | |
|2022-07-19 23:53:02.340688| | |
|2022-07-19 23:54:21.816998| | |
|2022-07-20 00:12:56.389529| | |
|2022-07-20 00:13:47.792773| | |
|2022-07-20 00:14:45.842836| | |
|2022-07-20 00:15:36.697588| | |
|2022-07-20 00:16:36.216945| | |
|2022-07-20 00:17:52.463362| | |
|2022-07-20 00:18:33.476998| | |
|2022-07-20 00:18:54.151200| | |
|2022-07-20 00:19:09.611682| | |
|2022-07-20 01:04:00.714076| | |
|2022-07-20 01:04:33.326783| | |
|2022-07-20 01:05:48.484520| | |
|2022-07-20 01:07:12.489489| | |
|2022-07-20 01:10:26.857349| | |
|2022-07-20 01:11:41.074796| | |
|2022-07-20 01:12:39.833863| | |
|2022-07-20 01:12:54.216839| | |
|2022-07-20 01:13:23.268832| | |
|2022-07-20 01:14:25.174532| | |
|2022-07-20 01:20:52.724033| | |
|2022-07-20 01:21:14.506395| | |
|2022-07-20 01:22:04.178805| | |
|2022-07-20 01:22:25.533898| | |
|2022-07-20 01:22:43.380445| | |
|2022-07-20 01:25:21.601961| | |
|2022-07-20 01:31:41.791847| | |
|2022-07-20 01:51:42.015873| | |
|2022-07-20 01:52:18.709675| | |
|2022-07-20 01:52:45.592281| | |
|2022-07-20 01:53:23.633203| | |
|2022-07-20 01:54:35.342469| | |
|2022-07-20 01:57:16.727032| | |
|2022-07-20 01:57:57.782899| | |
|2022-07-20 01:58:09.939290| | |
|2022-07-20 01:58:54.411029| | |
|2022-07-20 02:00:23.479549| | |
|2022-07-20 02:15:10.376409| | |
|2022-07-20 02:33:45.786615| | |
|2022-07-20 11:49:05.259211| | |
|2022-07-20 11:49:38.952394| | |
|2022-07-20 11:50:10.937608| | |
|2022-07-20 18:30:31.653286| | |
|2022-07-20 18:36:26.127601| | |
|2022-07-20 18:38:00.660299| | |
|2022-07-20 18:39:50.581794| | |
|2022-07-20 18:41:22.067397| | |
|2022-07-20 18:42:10.996189| | |
|2022-07-20 18:42:55.660941| | |
|2022-07-20 18:50:10.684300| | |
|2022-07-20 18:51:03.682442| | |
|2022-07-20 18:51:50.179192| | |
|2022-07-20 18:58:53.889945| | |
|2022-07-20 18:59:31.647080| | |
|2022-07-20 19:00:32.806499| | |
|2022-07-20 19:02:26.339865| | |
|2022-07-20 19:03:06.435862| | |
|2022-07-20 19:03:35.098875| | |
|2022-07-20 19:04:30.404664| | |
|2022-07-20 19:10:52.861538| | |
|2022-07-20 19:20:40.016323| | |
|2022-07-20 19:20:58.851359| | |
|2022-07-20 19:21:18.638722| | |
|2022-07-20 19:21:59.880630| | |
|2022-07-20 19:22:18.411751| | |
|2022-07-20 19:24:11.886706| | |
|2022-07-20 19:25:28.102034| | |
|2022-07-20 19:26:06.754779| | |
|2022-07-20 19:26:34.220010| | |
|2022-07-20 19:27:02.198161| | |
|2022-07-20 19:29:43.647705| | |
|2022-07-20 19:34:25.352290| | |
|2022-07-20 19:37:20.479194| | |
|2022-07-20 19:40:12.894768| | |
|2022-07-20 19:43:45.892939| | |
|2022-07-20 19:45:22.699635| | |
|2022-07-20 19:47:09.911608| | |
|2022-07-20 19:49:43.491230| | |
|2022-07-20 19:52:36.163244| | |
|2022-07-20 19:54:54.716025| | |
|2022-07-20 19:56:30.659944| | |
|2022-07-20 19:57:02.320706| | |
|2022-07-20 19:58:01.521765| | |
|2022-07-20 20:09:55.402553| | |
|2022-07-20 22:12:02.075735| | |
|2022-07-20 22:12:23.113709| | |
|2022-07-20 22:13:45.022904| | |
|2022-07-20 22:15:31.211741| | |
|2022-07-20 22:18:02.965960| | |
|2022-07-20 22:19:16.297319| | |
|2022-07-20 22:20:37.276466| | |
|2022-07-20 22:22:17.856246| | |
|2022-07-20 23:00:17.565150| | |
|2022-07-20 23:00:32.540883| | |
|2022-07-20 23:00:55.509512| | |
|2022-07-20 23:01:57.706263| | |
|2022-07-20 23:43:03.714080| | |
|2022-07-20 23:44:09.392750| | |
|2022-07-20 23:45:13.643917| | |
|2022-07-20 23:45:32.521567| | |
|2022-07-20 23:46:49.944375| | |
|2022-07-21 00:14:40.531419| | |
|2022-07-21 00:15:01.341937| | |
|2022-07-21 00:15:27.124556| | |
|2022-07-21 00:15:55.155191| | |
|2022-07-21 00:16:38.637810| | |
|2022-07-21 00:16:50.278187| | |
|2022-07-21 00:19:15.777552| | |
|2022-07-21 00:24:12.206469| | |
|2022-07-21 11:20:56.961807| | |
|2022-07-21 11:21:27.113589| | |
|2022-07-21 11:41:58.074024| | |
|2022-07-21 12:06:17.256565| | |
|2022-07-21 12:07:35.371658| | |
|2022-07-21 12:08:11.448535| | |
|2022-07-21 12:08:33.613044| | |
|2022-07-21 12:08:45.088265| | |
|2022-07-21 12:09:25.880221| | |
|2022-07-21 12:15:12.885003| | |
|2022-07-21 12:16:29.029998| | |
|2022-07-21 12:17:06.544177| | |
|2022-07-21 12:18:29.737130| | |
|2022-07-21 12:19:23.807036| | |
|2022-07-21 12:20:05.028105| | |
|2022-07-21 12:21:01.082085| | |
|2022-07-21 12:31:51.639679| | |
|2022-07-21 12:33:40.141462| | |
|2022-07-21 12:38:23.590357| | |
|2022-07-21 12:39:05.345583| | |
|2022-07-21 12:39:33.404533| | |
|2022-07-21 12:40:42.640088| | |
|2022-07-21 12:43:00.537833| | |
|2022-07-21 12:44:08.323987| | |
|2022-07-21 12:45:31.335914| | |
|2022-07-21 12:47:08.242270| | |
|2022-07-21 12:47:18.589767| | |
|2022-07-21 12:48:27.736845| | |
|2022-07-21 12:55:49.854493| | |
|2022-07-21 12:57:27.731653| | |
|2022-07-21 12:57:38.404443| | |
|2022-07-21 13:00:36.597378| | |
|2022-07-21 13:01:49.518981| | |
|2022-07-21 13:13:07.271435| | |
|2022-07-21 13:19:21.565914| | |
|2022-07-21 13:45:45.256736| | |
|2022-07-21 13:47:03.732072| | |
|2022-07-21 14:01:18.658872| | |
|2022-07-21 14:01:56.381386| | |
|2022-07-21 14:03:19.151137| | |
|2022-07-21 14:04:34.235368| | |
|2022-07-21 14:05:05.599735| | |
|2022-07-21 14:06:01.975808| | |
|2022-07-21 14:06:21.604753| | |
|2022-07-21 14:07:15.734949| | |
|2022-07-21 14:07:42.444252| | |
|2022-07-21 14:08:40.513540| | |
|2022-07-21 14:11:51.189063| | |
|2022-07-21 14:13:14.476005| | |
|2022-07-21 14:13:52.495158| | |
|2022-07-21 14:14:40.988481| | |
|2022-07-21 14:15:58.615640| | |
|2022-07-21 14:27:26.412548| | |
|2022-07-21 14:29:34.738866| | |
|2022-07-21 14:29:49.405789| | |
|2022-07-21 14:30:21.763069| | |
|2022-07-21 14:32:01.653438| | |
|2022-07-21 14:52:39.659834| | |
|2022-07-21 14:53:58.136923| | |
|2022-07-21 14:54:16.316714| | |
|2022-07-21 14:55:25.133496| | |
|2022-07-21 14:58:47.939869| | |
|2022-07-21 14:59:08.746949| | |
|2022-07-21 15:18:35.813076| | |
|2022-07-21 15:19:49.709566| | |
|2022-07-21 15:22:07.323369| | |
|2022-07-21 15:22:33.458886| | |
|2022-07-21 15:24:25.822928| | |
|2022-07-21 15:25:32.336639| | |
|2022-07-21 15:26:09.547568| | |
|2022-07-21 15:26:28.941414| | |
|2022-07-21 15:26:44.674510| | |
|2022-07-21 15:27:23.268667| | |
|2022-07-21 15:28:22.544995| | |
|2022-07-21 15:28:41.229712| | |
|2022-07-21 15:29:54.450188| | |
|2022-07-21 15:30:42.472617| | |
|2022-07-21 15:31:17.184888| | |
|2022-07-21 15:56:12.202313| | |
|2022-07-21 15:56:20.696085| | |
|2022-07-21 15:57:55.670416| | |
|2022-07-21 16:07:45.032547| | |
|2022-07-21 16:09:39.236411| | |
|2022-07-21 16:10:00.289635| | |
|2022-07-21 16:11:00.355997| | |
|2022-07-21 16:12:58.922011| | |
|2022-07-21 16:14:04.730993| | |
|2022-07-21 16:14:46.870067| | |
|2022-07-21 16:15:10.853937| | |
|2022-07-21 16:17:58.164141| | |
|2022-07-21 16:18:48.616628| | |
|2022-07-21 16:20:35.343264| | |
|2022-07-21 16:24:08.534593| | |
|2022-07-21 16:24:24.431725| | |
|2022-07-21 16:24:49.713616| | |
|2022-07-21 16:26:19.327586| | |
|2022-07-21 16:26:57.481808| | |
|2022-07-21 16:28:36.720698| | |
|2022-07-21 16:30:09.931367| | |
|2022-07-21 16:30:39.602747| | |
|2022-07-21 16:32:16.828912| | |
|2022-07-21 16:32:49.231900| | |
|2022-07-21 16:34:58.991541| | |
|2022-07-21 16:38:41.921883| | |
|2022-07-21 16:39:15.245042| | |
|2022-07-21 16:39:53.227121| | |
|2022-07-21 16:41:38.641814| | |
|2022-07-21 16:43:03.348943| | |
|2022-07-21 16:43:47.043320| | |
|2022-07-21 16:57:03.211841| | |
|2022-07-21 16:57:49.012206| | |
|2022-07-21 16:59:15.117761| | |
|2022-07-21 16:59:42.164722| | |
|2022-07-21 17:01:21.847703| | |
|2022-07-21 17:02:06.230447| | |
|2022-07-21 17:04:15.632311| | |
|2022-07-21 17:10:19.032956| | |
|2022-07-21 17:10:33.429091| | |
|2022-07-21 17:11:33.416634| | |
|2022-07-21 17:12:20.099194| | |
|2022-07-21 17:14:54.254543| | |
|2022-07-21 17:23:26.812836| | |
|2022-07-21 17:24:09.852574| | |
|2022-07-21 17:27:23.978507| | |
|2022-07-21 17:28:01.488889| | |
|2022-07-21 17:28:41.653831| | |
|2022-07-21 17:29:26.295778| | |
|2022-07-21 17:35:22.171610| | |
|2022-07-21 17:36:20.129547| | |
|2022-07-21 17:50:44.598400| | |
|2022-07-21 17:54:30.369259| | |
|2022-07-21 17:55:32.174426| | |
|2022-07-21 17:57:46.888409| | |
|2022-07-21 18:01:24.344322| | |
|2022-07-21 18:02:48.756449| | |
|2022-07-21 18:03:48.987419| | |
|2022-07-21 18:04:44.809677| | |
|2022-07-21 18:05:18.030052| | |
|2022-07-21 18:05:30.294022| | |
|2022-07-21 19:38:28.739326| | |
|2022-07-21 19:48:54.128328| | |
|2022-07-21 19:49:31.178183| | |
|2022-07-21 19:50:19.484385| | |
|2022-07-21 19:50:56.393007| | |
|2022-07-21 19:51:49.763658| | |
|2022-07-21 19:52:03.612457| | |
|2022-07-21 19:52:54.283562| | |
|2022-07-21 19:56:35.571927| | |
|2022-07-21 19:56:55.937849| | |
|2022-07-21 20:01:15.986991| | |
|2022-07-21 20:01:34.378905| | |
|2022-07-21 20:02:34.272107| | |
|2022-07-21 20:06:45.637559| | |
|2022-07-21 20:09:55.163215| | |
|2022-07-21 20:12:51.617913| | |
|2022-07-21 20:39:49.060517| | |
|2022-07-21 20:40:39.965386| | |
|2022-07-21 20:40:54.245559| | |
|2022-07-21 20:41:10.932600| | |
|2022-07-21 20:42:23.755054| | |
|2022-07-21 20:42:31.630306| | |
|2022-07-21 20:45:20.491120| | |
|2022-07-21 20:46:44.281797| | |
|2022-07-21 20:47:48.680007| | |
|2022-07-21 20:51:48.642233| | |
|2022-07-21 20:52:57.353926| | |
|2022-07-21 20:54:16.280544| | |
|2022-07-21 20:54:34.133397| | |
|2022-07-21 20:58:06.713391| | |
|2022-07-21 20:59:38.310264| | |
|2022-07-21 21:04:45.225986| | |
|2022-07-21 21:15:36.989730| | |
|2022-07-21 21:15:53.617035| | |
|2022-07-21 21:16:11.133448| | |
|2022-07-21 21:17:22.002971| | |
|2022-07-21 21:17:39.234572| | |
|2022-07-21 21:18:24.437543| | |
|2022-07-21 21:20:48.340617| | |
|2022-07-21 21:21:02.617322| | |
|2022-07-21 21:23:44.364657| | |
|2022-07-21 21:24:39.049393| | |
|2022-07-21 21:26:55.876373| | |
|2022-07-21 21:27:50.646587| | |
|2022-07-21 21:34:53.893476| | |
|2022-07-21 21:35:05.180146| | |
|2022-07-21 21:35:15.717782| | |
|2022-07-21 21:36:02.456814| | |
|2022-07-21 21:36:25.080124| | |
|2022-07-21 21:39:11.776167| | |
|2022-07-21 21:40:03.735632| | |
|2022-07-21 21:40:52.418583| | |
|2022-07-21 21:41:47.341361| | |
|2022-07-21 21:42:07.627141| | |
|2022-07-21 21:42:32.458666| | |
|2022-07-21 21:48:55.106844| | |
|2022-07-21 21:51:03.200733| | |
|2022-07-21 21:55:40.026127| | |
|2022-07-21 22:00:06.918390| | |
|2022-07-21 22:00:20.715710| | |
|2022-07-21 22:01:08.951384| | |
|2022-07-21 22:01:36.562109| | |
|2022-07-21 22:01:59.484343| | |
|2022-07-21 22:02:31.850306| | |
|2022-07-21 22:04:12.393273| | |
|2022-07-21 22:04:35.770676| | |
|2022-07-21 22:05:09.306553| | |
|2022-07-21 22:05:32.574189| | |
|2022-07-21 22:05:53.042916| | |
|2022-07-21 22:06:08.857375| | |
|2022-07-21 22:06:47.754016| | |
|2022-07-21 22:08:46.018655| | |
|2022-07-21 22:09:41.745986| | |
|2022-07-21 22:14:05.221879| | |
|2022-07-21 22:15:29.370577| | |
|2022-07-21 22:16:41.575441| | |
|2022-07-21 22:17:01.901323| | |
|2022-07-21 22:17:18.574149| | |
|2022-07-21 22:17:29.969722| | |
|2022-07-21 22:18:04.067074| | |
|2022-07-21 22:18:16.162579| | |
|2022-07-21 22:18:35.878405| | |
|2022-07-21 22:18:56.048010| | |
|2022-07-21 22:19:31.750180| | |
|2022-07-21 22:20:42.994241| | |
|2022-07-21 22:21:35.240135| | |
|2022-07-21 22:22:05.550423| | |
|2022-07-21 22:22:34.593899| | |
|2022-07-21 22:23:03.491308| | |
|2022-07-21 22:32:03.584624| | |
|2022-07-21 22:33:59.538675| | |
|2022-07-21 22:34:28.371144| | |
|2022-07-21 22:35:39.349565| | |
|2022-07-21 22:36:22.478482| | |
|2022-07-21 22:38:50.907638| | |
|2022-07-21 22:39:33.511516| | |
|2022-07-21 22:40:48.076608| | |
|2022-07-21 22:41:50.076559| | |
|2022-07-21 22:44:16.341390| | |
|2022-07-21 22:45:34.731796| | |
|2022-07-21 23:09:37.387906| | |
|2022-07-21 23:16:09.800182| | |
|2022-07-21 23:23:54.266437| | |
|2022-07-21 23:35:29.699630| | |
|2022-07-21 23:43:33.930133| | |
|2022-07-21 23:44:10.129745| | |
|2022-07-21 23:44:36.994802| | |
|2022-07-21 23:46:27.977450| | |
|2022-07-22 00:36:15.731553| | |
|2022-07-22 00:40:32.035433| | |
|2022-07-22 00:42:55.599308| | |
|2022-07-22 00:43:35.355646| | |
|2022-07-22 00:44:24.572829| | |
|2022-07-22 00:45:24.539118| | |
|2022-07-22 00:46:15.870891| | |
|2022-07-22 00:49:26.117398| | |
|2022-07-22 00:58:21.313061| | |
|2022-07-22 01:05:40.490887| | |
|2022-07-22 01:06:12.409049| | |
|2022-07-22 01:08:20.617628| | |
|2022-07-22 01:08:51.444669| | |
|2022-07-22 01:09:42.493720| | |
|2022-07-22 01:12:10.893222| | |
|2022-07-22 01:13:32.046312| | |
|2022-07-22 01:14:02.409383| | |
|2022-07-22 01:15:00.629556| | |
|2022-07-22 01:24:36.872188| | |
|2022-07-22 01:25:37.706513| | |
|2022-07-22 01:28:04.664518| | |
|2022-07-22 01:30:00.890491| | |
|2022-07-22 01:31:47.662272| | |
|2022-07-22 01:32:49.406601| | |
|2022-07-22 10:51:20.093471| | |
|2022-07-22 11:13:52.759869| | |
|2022-07-22 11:14:37.827383| | |
|2022-07-22 11:18:25.301195| | |
|2022-07-22 11:19:51.000479| | |
|2022-07-22 11:20:32.440939| | |
|2022-07-22 11:21:11.505206| | |
|2022-07-22 11:31:36.638028| | |
|2022-07-24 18:37:30.954404| | |
|2022-07-24 18:37:57.462326| | |
|2022-07-24 18:46:35.319160| | |
|2022-07-24 18:49:48.111531| | |
|2022-07-24 18:54:45.661327| | |
|2022-07-24 18:55:32.244989| | |
|2022-07-24 18:55:42.185546| | |
|2022-07-24 18:57:09.169268| | |
|2022-07-24 18:58:12.731562| | |
|2022-07-24 18:58:39.199510| | |
|2022-07-24 18:58:49.482839| | |
|2022-07-24 19:00:42.855298| | |
|2022-07-24 19:06:17.850764| | |
|2022-07-24 19:06:35.167330| | |
|2022-07-24 19:07:20.124267| | |
|2022-07-24 19:08:27.907762| | |
|2022-07-24 19:20:02.298057| | |
|2022-07-24 19:21:44.865362| | |
|2022-07-24 19:22:18.232315| | |
|2022-07-24 19:22:28.924942| | |
|2022-07-24 19:24:54.962476| | |
|2022-07-24 19:26:30.661504| | |
|2022-07-24 19:26:45.036942| | |
|2022-07-25 17:12:32.987760| | |
|2022-07-25 17:14:14.807170| | |
|2022-07-25 17:16:39.779852| | |
|2022-07-25 17:42:04.075597| | |
|2022-07-25 17:42:18.202555| | |
|2022-07-25 17:43:34.107025| | |
|2022-07-25 17:45:05.420499| | |
|2022-07-25 17:45:41.477979| | |
|2022-07-25 17:46:00.661903| | |
|2022-07-25 17:51:12.468200| | |
|2022-07-25 17:52:05.221706| | |
|2022-07-25 17:56:48.691430| | |
|2022-07-25 17:57:22.035685| | |
|2022-07-25 18:14:39.560784| | |
|2022-07-25 18:15:17.243234| | |
|2022-07-25 18:26:44.558156| | |
|2022-07-25 18:27:24.462818| | |
|2022-07-25 18:31:11.642003| | |
|2022-07-25 18:35:29.342540| | |
|2022-07-25 18:36:17.226166| | |
|2022-07-25 18:37:34.436073| | |
|2022-07-25 18:50:41.659473| | |
|2022-07-25 18:51:26.073677| | |
|2022-07-25 18:52:23.566438| | |
|2022-07-29 23:12:35.033616| | |
|2022-07-29 23:16:10.261300| | |
|2022-07-30 17:06:07.899333| | |
|2022-07-30 17:09:13.028174| | |
|2022-07-30 17:09:50.966566| | |
|2022-07-30 17:15:55.826853| | |
|2022-07-30 17:17:07.149597| | |
|2022-07-30 17:19:12.487296| | |
|2022-07-30 17:19:34.358372| | |
|2022-07-30 17:20:38.421565| | |
|2022-07-30 17:21:02.724818| | |
|2022-07-30 17:21:44.789279| | |
|2022-07-30 17:22:56.027389| | |
|2022-07-30 17:23:38.758724| | |
|2022-07-30 17:23:56.224109| | |
|2022-07-30 17:26:36.460718| | |
|2022-07-30 17:27:20.941434| | |
|2022-07-30 17:27:56.551500| | |
|2022-07-30 17:29:19.350136| | |
|2022-07-30 18:03:08.214800| | |
|2022-08-01 12:08:35.933708| | |
|2022-08-01 12:56:20.030616| | |
menn|0|0|27372|IK Tjalve
menn|0|1|24777|Sandnes IL
menn|0|2|24179|IL Gneist
menn|0|3|23071|IL Tyrving
menn|0|4|22728|Ullensaker/Kisa IL
menn|0|5|22587|Norna-Salhus IL
menn|0|6|21900|IL i BUL
menn|0|7|21429|Idrettslaget Skjalg
menn|0|8|20845|Tønsberg Friidrettsklubb
menn|0|9|20069|Steinkjer Friidrettsklubb
menn|0|10|19634|Ask Friidrett
menn|0|11|18825|IL Gular
menn|0|12|16684|Stord IL
menn|0|13|9935|Nittedal IL
menn|1|0|19755|Fana IL
menn|1|1|17870|Ranheim IL
menn|1|2|17759|Sportsklubben Vidar
menn|1|3|15979|Osterøy IL
menn|1|4|15540|IF Sturla
menn|1|5|15140|Haugesund IL
menn|1|6|14460|IL Sandvin
menn|1|7|14102|IK Tjalve 2. lag
menn|1|8|13977|IK Hind
menn|1|9|13904|Moss IL
menn|1|10|13629|Lillehammer IF
menn|1|11|12593|Dimna IL
menn|1|12|12380|Bækkelagets SK
menn|1|13|8038|IL Fri
menn|2|0|14865|Kristiansands IF Friidrett
menn|2|1|13072|BUL-Tromsø Friidrett
menn|2|2|13039|Fyllingen IL
menn|2|3|12885|Moelven IL
menn|2|4|12565|Asker Sk. Friidrett
menn|2|5|12224|FIK Orion
menn|2|6|12198|Søndre Land IL
menn|2|7|11624|Fana IL 2. lag
menn|2|8|11538|Snøgg Friidrett
menn|2|9|11354|Fredrikstad IF
menn|2|10|11209|IL Gneist 2. lag
menn|2|11|11183|Sømna IL
menn|2|12|11174|Strindheim IL
menn|2|13|11126|IL Gular 2. lag
menn|2|14|11084|Sørild FIK
menn|2|15|10842|Groruddalen Friidrettsklubb
menn|2|16|10815|Hattfjelldal IL
menn|2|17|10749|Hamar IL
menn|2|18|10614|Sandnes IL 2. lag
menn|2|19|10568|Stadsbygd IL
menn|2|20|10405|Larvik Turn & IF
menn|2|21|10392|Ski IL Friidrett
menn|2|22|10252|Lørenskog Friidrettslag
menn|2|23|10251|IL Tyrving 2. lag
menn|2|24|10036|Laksevåg TIL
menn|2|25|9961|Jotun IL
menn|2|26|9708|Modum FIK
menn|2|27|9490|IL i BUL 2. lag
menn|2|28|9216|Norna-Salhus IL 2. lag
menn|2|29|8972|Stjørdal Friidrettsklubb
menn|2|30|8912|Sportsklubben Vidar 2. lag
menn|2|31|8911|Urædd Friidrett
menn|2|32|8847|Spirit Friidrettsklubb
menn|2|33|8648|Rjukan Idrettslag
menn|2|34|8600|Ullensaker/Kisa IL 2. lag
menn|2|35|8522|Ranheim IL 2. lag
menn|2|36|8470|IL Gular 3. lag
menn|2|37|8430|Overhalla IL
menn|2|38|8430|Ørsta IL
menn|2|39|8395|Byåsen IL
menn|2|40|8206|Ringerike Friidrettsklubb
menn|2|41|8100|Brandbu IF
menn|2|42|8037|Varegg IL
menn|2|43|7954|IL i BUL 3. lag
menn|2|44|7907|IK Grane
menn|2|45|7902|Trondheim Friidrett
menn|2|46|7901|Mjøsdalen IL
menn|2|47|7860|Idrettslaget Skjalg 2. lag
menn|2|48|7822|Ås IL
menn|2|49|7613|Sortland Friidrettsklubb
menn|2|50|7565|Gausdal FIK
menn|2|51|7545|GTI
menn|2|52|7320|Førde IL Friidrett
menn|2|53|7299|Seljord IL
menn|2|54|7236|Ullensaker/Kisa IL 3. lag
menn|2|55|7228|BUL-Tromsø Friidrett 2. lag
menn|2|56|7225|Sarpsborg IL
menn|2|57|7069|Sportsklubben Vidar 3. lag
menn|2|58|7045|Rindal IL
menn|2|59|7006|Gui Sportsklubb
menn|2|60|6922|IL Molde-Olymp
menn|2|61|6896|Raufoss Idrettslag Friidrett
menn|2|62|6858|Os Turnforening
menn|2|63|6843|Osterøy IL 2. lag
menn|2|64|6837|Bodø Friidrettsklubb
menn|2|65|6784|Kristiansands IF Friidrett 2. lag
menn|2|66|6775|IL Gneist 3. lag
menn|2|67|6738|Svorkmo N.O.I.
menn|2|68|6718|FIK Ren-Eng
menn|2|69|6668|Bøler IF
menn|2|70|6651|Jølster IL
menn|2|71|6584|FIL Aks-77
menn|2|72|6576|Kristiansand Løpeklubb
menn|2|73|6510|Asker Sk. Friidrett 2. lag
menn|2|74|6481|IL Koll
menn|2|75|6475|Ullensaker/Kisa IL 4. lag
menn|2|76|6385|IL i BUL 4. lag
menn|2|77|6364|Fyllingen IL 2. lag
menn|2|78|6354|Egersunds IK
menn|2|79|6307|Skarphedin IL
menn|2|80|6306|Gloppen Friidrettslag
menn|2|81|6300|Hvam IL
menn|2|82|6259|Ålesund Friidrettsklubb
menn|2|83|6206|Fana IL 3. lag
menn|2|84|6186|Herkules Friidrett
menn|2|85|6147|Lambertseter IF
menn|2|86|6147|Ask Friidrett 2. lag
menn|2|87|6088|IL Runar
menn|2|88|6069|Aremark IF
menn|2|89|5968|IL Tyrving 3. lag
menn|2|90|5942|Sandnes IL 3. lag
menn|2|91|5930|Sandefjord Turn & IF
menn|2|92|5759|Sem IF
menn|2|93|5735|Salangen Friidrett
menn|2|94|5717|Kongsberg IF
menn|2|95|5717|Bratsberg IL
menn|2|96|5501|Sportsklubben Vidar 4. lag
menn|2|97|5443|Bremnes IL
menn|2|98|5393|IF Hellas
menn|2|99|5356|Bergens Turnforening
menn|2|100|5354|Haugesund IL 2. lag
menn|2|101|5351|IL Norodd
menn|2|102|5304|Norna-Salhus IL 3. lag
menn|2|103|5245|Namsen Friidrettsforening
menn|2|104|5230|Halden IL
menn|2|105|5188|Florø Turn og IF
menn|2|106|5102|Rana FIK
menn|2|107|5101|Steinkjer Friidrettsklubb 2. lag
menn|2|108|5029|Fagernes IL
menn|2|109|5024|IL Nybrott
menn|2|110|5017|Ullensaker/Kisa IL 5. lag
kvinner|0|0|26057|IK Tjalve
kvinner|0|1|23838|Sandnes IL
kvinner|0|2|23706|IL Tyrving
kvinner|0|3|21995|Norna-Salhus IL
kvinner|0|4|21740|Ranheim IL
kvinner|0|5|21405|IL i BUL
kvinner|0|6|21228|Fredrikstad IF
kvinner|0|7|20785|Haugesund IL
kvinner|0|8|20452|Idrettslaget Skjalg
kvinner|0|9|19588|Dimna IL
kvinner|0|10|16626|Tønsberg Friidrettsklubb
kvinner|0|11|15224|Nittedal IL
kvinner|0|12|14949|Fana IL
kvinner|0|13|14625|Stjørdal Friidrettsklubb
kvinner|1|0|18398|Sportsklubben Vidar
kvinner|1|1|17582|Ullensaker/Kisa IL
kvinner|1|2|16724|Sørild FIK
kvinner|1|3|15810|IL Tyrving 2. lag
kvinner|1|4|15805|Kristiansands IF Friidrett
kvinner|1|5|14761|IL Gneist
kvinner|1|6|14476|BUL-Tromsø Friidrett
kvinner|1|7|14438|Bergens Turnforening
kvinner|1|8|14200|Moss IL
kvinner|1|9|14108|Asker Sk. Friidrett
kvinner|1|10|14064|IF Sturla
kvinner|1|11|13321|Laksevåg TIL
kvinner|1|12|12171|IL Runar
kvinner|1|13|11802|Larvik Turn & IF
kvinner|2|0|13938|Steinkjer Friidrettsklubb
kvinner|2|1|12926|Sarpsborg IL
kvinner|2|2|12771|IK Tjalve 2. lag
kvinner|2|3|12451|Urædd Friidrett
kvinner|2|4|12411|Ask Friidrett
kvinner|2|5|12203|Sandnes IL 2. lag
kvinner|2|6|12192|Gloppen Friidrettslag
kvinner|2|7|11439|Bækkelagets SK
kvinner|2|8|11207|Hattfjelldal IL
kvinner|2|9|11130|Lambertseter IF
kvinner|2|10|10994|Herkules Friidrett
kvinner|2|11|10751|Ørsta IL
kvinner|2|12|10539|Strindheim IL
kvinner|2|13|10354|IF Hellas
kvinner|2|14|10334|Varegg IL
kvinner|2|15|10257|IL Gular
kvinner|2|16|10204|Sportsklubben Vidar 2. lag
kvinner|2|17|10147|IK Hind
kvinner|2|18|9971|Stord IL
kvinner|2|19|9956|Fyllingen IL
kvinner|2|20|9920|Mandal & Halse IL
kvinner|2|21|9832|Kristiansands IF Friidrett 2. lag
kvinner|2|22|9788|Trondheim Friidrett
kvinner|2|23|9723|Idrettslaget Skjalg 2. lag
kvinner|2|24|9698|IL Tyrving 3. lag
kvinner|2|25|9664|Hareid IL
kvinner|2|26|9631|Fagernes IL
kvinner|2|27|9610|Ålesund Friidrettsklubb
kvinner|2|28|9392|Ranheim IL 2. lag
kvinner|2|29|9388|Romerike Friidrett
kvinner|2|30|9385|Groruddalen Friidrettsklubb
kvinner|2|31|9113|Lillehammer IF
kvinner|2|32|9069|Norna-Salhus IL 2. lag
kvinner|2|33|9041|Modum FIK
kvinner|2|34|8984|Byåsen IL
kvinner|2|35|8918|Sømna IL
kvinner|2|36|8861|Os Turnforening
kvinner|2|37|8836|Rjukan Idrettslag
kvinner|2|38|8672|Ås IL
kvinner|2|39|8609|Hamar IL
kvinner|2|40|8578|Sortland Friidrettsklubb
kvinner|2|41|8432|Bardu IL
kvinner|2|42|8408|Sem IF
kvinner|2|43|8384|Snøgg Friidrett
kvinner|2|44|8339|Sandnes IL 3. lag
kvinner|2|45|8325|IL Norodd
kvinner|2|46|8222|FIK Orion
kvinner|2|47|8185|Otra IL
kvinner|2|48|8177|Sandnessjøen IL
kvinner|2|49|8125|Namsen Friidrettsforening
kvinner|2|50|7977|Tingvoll FIK
kvinner|2|51|7930|Idrettslaget Skjalg 3. lag
kvinner|2|52|7910|Jardar IL
kvinner|2|53|7813|Målselv IL
kvinner|2|54|7779|Søgne IL
kvinner|2|55|7652|Oppegård IL
kvinner|2|56|7567|IL Tyrving 4. lag
kvinner|2|57|7424|IL Koll
kvinner|2|58|7375|Ullensaker/Kisa IL 2. lag
kvinner|2|59|7299|Florø Turn og IF
kvinner|2|60|7279|Verdal Friidrettsklubb
kvinner|2|61|7151|Utleira IL Friidrett
kvinner|2|62|7076|IL i BUL 2. lag
kvinner|2|63|7054|Spirit Friidrettsklubb
kvinner|2|64|7042|Haugesund IL 2. lag
kvinner|2|65|6962|Brandbu IF
kvinner|2|66|6955|Ski IL Friidrett
kvinner|2|67|6946|Sandefjord Turn & IF
kvinner|2|68|6920|Moelven IL
kvinner|2|69|6858|IL Gular 2. lag
kvinner|2|70|6848|Hinna IL
kvinner|2|71|6773|Eidanger Idrettslag
kvinner|2|72|6643|Ringerike Friidrettsklubb
kvinner|2|73|6448|Drøbak-Frogn IL Friidrett
kvinner|2|74|6434|T&IF Viking
kvinner|2|75|6429|Førde IL Friidrett
kvinner|2|76|6293|Herkules Friidrett 2. lag
kvinner|2|77|6243|IL Nybrott
kvinner|2|78|6236|Lillehammer IF 2. lag
kvinner|2|79|6211|Raufoss Idrettslag Friidrett
kvinner|2|80|6197|Bækkelagets SK 2. lag
kvinner|2|81|6154|Varegg IL 2. lag
kvinner|2|82|6153|Sportsklubben Vidar 3. lag
kvinner|2|83|6135|Aremark IF
kvinner|2|84|6038|IL Pioner
kvinner|2|85|5975|Selbu IL
kvinner|2|86|5966|Seljord IL
kvinner|2|87|5930|Kristiansands IF Friidrett 3. lag
kvinner|2|88|5903|Ask Friidrett 2. lag
kvinner|2|89|5895|Sørild FIK 2. lag
kvinner|2|90|5890|Gui Sportsklubb
kvinner|2|91|5871|IK Grane
kvinner|2|92|5753|Osterøy IL
kvinner|2|93|5750|Lørenskog Friidrettslag
kvinner|2|94|5692|Gjøvik FIK
kvinner|2|95|5636|Stadsbygd IL
kvinner|2|96|5636|Sunndal IL Friidrett
kvinner|2|97|5403|Botne SK
kvinner|2|98|5316|Tønsberg Friidrettsklubb 2. lag
kvinner|2|99|5304|Gjesdal IL
kvinner|2|100|5293|BUL-Tromsø Friidrett 2. lag
kvinner|2|101|5266|Idrettslaget Skjalg 4. lag
kvinner|2|102|5239|Overhalla IL
kvinner|2|103|5137|Lillehammer IF 3. lag
kvinner|2|104|5136|IL Fri
kvinner|2|105|5122|Egersunds IK
kvinner|2|106|5115|Fredrikstad IF 2. lag
kvinner|2|107|5084|Sandnes IL 4. lag
kvinner|2|108|5082|Voss IL
kvinner|2|109|5081|Stårheim IL
